{
  "warmup": {
    "accuracy": [
      0.9305755496025085,
      0.9233812689781189,
      0.9305755496025085,
      0.9284172654151917,
      0.9276978373527527
    ],
    "loss": [
      0.16986499726772308,
      0.17485307157039642,
      0.16762666404247284,
      0.16845451295375824,
      0.16778385639190674
    ],
    "val_accuracy": [
      0.9307432174682617,
      0.9307432174682617,
      0.9324324131011963,
      0.9290540814399719,
      0.9324324131011963
    ],
    "val_loss": [
      0.19005823135375977,
      0.18593235313892365,
      0.18314741551876068,
      0.19002434611320496,
      0.18329598009586334
    ]
  },
  "finetune": {
    "accuracy": [
      0.902877688407898,
      0.9118704795837402,
      0.9133093357086182,
      0.9208633303642273,
      0.9205036163330078,
      0.9244604110717773,
      0.9201439023017883,
      0.930935263633728
    ],
    "loss": [
      0.21034537255764008,
      0.2045757919549942,
      0.20001067221164703,
      0.18988418579101562,
      0.18579412996768951,
      0.18128283321857452,
      0.18252964317798615,
      0.16147863864898682
    ],
    "val_accuracy": [
      0.9341216087341309,
      0.9290540814399719,
      0.9425675868988037,
      0.9425675868988037,
      0.9476351141929626,
      0.9442567825317383,
      0.9375,
      0.9408783912658691
    ],
    "val_loss": [
      0.17829221487045288,
      0.17427262663841248,
      0.14253714680671692,
      0.1414208859205246,
      0.128042072057724,
      0.13953626155853271,
      0.15247505903244019,
      0.15214993059635162
    ]
  }
}